<?xml version="1.0" encoding="utf-8" ?>
<books>
    <book title="jQuery" imageurl="https://miro.medium.com/max/570/1*QR2SBNwG75LyY5uwqWpN3A.png">
        <description>
        jQuery info goes here.
        </description>
    </book>
    <book title="Ajax" imageurl="http://itechtuts.com/wp-content/uploads/2014/09/ajax-logo.jpg">
        <description>
            Ajax info goes here.
        </description>
    </book>

    <book title="Content Management System" imageurl="https://s.w.org/style/images/about/WordPress-logotype-wmark.png">
        <description>
            Content Management System info goes here.
        </description>
    </book>
</books>