[
  {
    "ID": "1",
    "Name": "Senpai",
    "Gender": "1",
    "Class": "32",
    "Seat": "15",
    "Club": "0",
    "Persona": "1",
    "Crush": "0",
    "BreastSize": "0",
    "Strength": "0",
    "Hairstyle": "1",
    "Color": "Black",
    "Eyes": "Black",
    "EyeType": "Default",
    "Stockings": "None",
    "Accessory": "0",
    "ScheduleTime": "7_7_8_13.01_13.375_15.5_16_17.25_99_99",
    "ScheduleDestination": "Spawn_Locker_Hangout_Seat_LunchSpot_Seat_Clean_Hangout_Locker_Exit",
    "ScheduleAction": "Stand_Stand_Read_Sit_Eat_Sit_Clean_Read_Shoes_Stand",
    "Info": "An average student. \n \n Average grades, average looks, average life... \n \n I'm not sure what you see in him."
  },
  {
    "ID": "2",
    "Name": "Yui Rio",
    "Gender": "0",
    "Class": "11",
    "Seat": "14",
    "Club": "1",
    "Persona": "5",
    "Crush": "0",
    "BreastSize": "0.5",
    "Strength": "0",
    "Hairstyle": "2",
    "Color": "Red",
    "Eyes": "Red",
    "EyeType": "Default",
    "Stockings": "Red",
    "Accessory": "0",
    "ScheduleTime": "7_7_8_13_13.375_15.5_16_17.25_99_99",
    "ScheduleDestination": "Spawn_Locker_Hangout_Seat_LunchSpot_Seat_Clean_Club_Locker_Exit",
    "ScheduleAction": "Stand_Stand_Socialize_Sit_Socialize_Sit_Clean_SocialSit_Shoes_Stand",
    "Info": ""
  },
  {
    "ID": "3",
    "Name": "Yuna Hina",
    "Gender": "0",
    "Class": "12",
    "Seat": "14",
    "Club": "1",
    "Persona": "6",
    "Crush": "0",
    "BreastSize": "0.8",
    "Strength": "0",
    "Hairstyle": "3",
    "Color": "Yellow",
    "Eyes": "Yellow",
    "EyeType": "Default",
    "Stockings": "Yellow",
    "Accessory": "0",
    "ScheduleTime": "7_7_8_13_13.375_15.5_16_17.25_99_99",
    "ScheduleDestination": "Spawn_Locker_Hangout_Seat_LunchSpot_Seat_Clean_Club_Locker_Exit",
    "ScheduleAction": "Stand_Stand_Socialize_Sit_Socialize_Sit_Clean_SocialSit_Shoes_Stand",
    "Info": ""
  },
  {
    "ID": "4",
    "Name": "Koharu Hinata",
    "Gender": "0",
    "Class": "21",
    "Seat": "14",
    "Club": "1",
    "Persona": "6",
    "Crush": "0",
    "BreastSize": "1.1",
    "Strength": "0",
    "Hairstyle": "4",
    "Color": "Green",
    "Eyes": "Green",
    "EyeType": "Default",
    "Stockings": "Green",
    "Accessory": "0",
    "ScheduleTime": "7_7_8_13.0001_13.375_15.5001_16_17.25_99_99",
    "ScheduleDestination": "Spawn_Locker_Hangout_Seat_LunchSpot_Seat_Clean_Club_Locker_Exit",
    "ScheduleAction": "Stand_Stand_Socialize_Sit_Socialize_Sit_Clean_SocialSit_Shoes_Stand",
    "Info": ""
  },
  {
    "ID": "5",
    "Name": "Mei Mio",
    "Gender": "0",
    "Class": "22",
    "Seat": "14",
    "Club": "1",
    "Persona": "2",
    "Crush": "0",
    "BreastSize": "1.4",
    "Strength": "0",
    "Hairstyle": "5",
    "Color": "Blue",
    "Eyes": "Blue",
    "EyeType": "Default",
    "Stockings": "Blue",
    "Accessory": "7",
    "ScheduleTime": "7_7_8_13_13.375_15.5_16_17.25_99_99",
    "ScheduleDestination": "Spawn_Locker_Hangout_Seat_LunchSpot_Seat_Clean_Club_Locker_Exit",
    "ScheduleAction": "Stand_Stand_Socialize_Sit_Socialize_Sit_Clean_SocialSit_Shoes_Stand",
    "Info": ""
  },
  {
    "ID": "6",
    "Name": "Saki Miyu",
    "Gender": "0",
    "Class": "31",
    "Seat": "14",
    "Club": "1",
    "Persona": "6",
    "Crush": "0",
    "BreastSize": "1.7",
    "Strength": "0",
    "Hairstyle": "6",
    "Color": "Cyan",
    "Eyes": "Cyan",
    "EyeType": "Default",
    "Stockings": "Cyan",
    "Accessory": "0",
    "ScheduleTime": "7_7_8_13.01_13.375_15.5_16_17.25_99_99",
    "ScheduleDestination": "Spawn_Locker_Hangout_Seat_LunchSpot_Seat_Clean_Club_Locker_Exit",
    "ScheduleAction": "Stand_Stand_Socialize_Sit_Socialize_Sit_Clean_SocialSit_Shoes_Stand",
    "Info": "Kokona Haruka's best friend and closest confidant. Kokona is likely to discuss personal matters with this girl."
  },
  {
    "ID": "7",
    "Name": "Kokona Haruka",
    "Gender": "0",
    "Class": "32",
    "Seat": "14",
    "Club": "1",
    "Persona": "6",
    "Crush": "1",
    "BreastSize": "2",
    "Strength": "0",
    "Hairstyle": "7",
    "Color": "Purple",
    "Eyes": "Purple",
    "EyeType": "Default",
    "Stockings": "Purple",
    "Accessory": "0",
    "ScheduleTime": "7_7_8_13.01_13.375_15.51_16_17.25_99_99",
    "ScheduleDestination": "Spawn_Locker_Hangout_Seat_LunchSpot_Seat_Clean_Club_Locker_Exit",
    "ScheduleAction": "Stand_Stand_Socialize_Sit_Socialize_Sit_Clean_SocialSit_Shoes_Stand",
    "Info": ""
  },
  {
    "ID": "8",
    "Name": "Haruto Yuto",
    "Gender": "1",
    "Class": "11",
    "Seat": "12",
    "Club": "0",
    "Persona": "5",
    "Crush": "0",
    "BreastSize": "0",
    "Strength": "0",
    "Hairstyle": "2",
    "Color": "Red",
    "Eyes": "Red",
    "EyeType": "Default",
    "Stockings": "None",
    "Accessory": "3",
    "ScheduleTime": "7_7_8_13_13.375_15.5_16_16.5_99",
    "ScheduleDestination": "Spawn_Locker_Hangout_Seat_LunchSpot_Seat_Clean_Locker_Exit",
    "ScheduleAction": "Stand_Stand_Socialize_Sit_Socialize_Sit_Clean_Shoes_Stand",
    "Info": ""
  },
  {
    "ID": "9",
    "Name": "Sota Yuki",
    "Gender": "1",
    "Class": "12",
    "Seat": "12",
    "Club": "0",
    "Persona": "6",
    "Crush": "0",
    "BreastSize": "0",
    "Strength": "0",
    "Hairstyle": "3",
    "Color": "Yellow",
    "Eyes": "Yellow",
    "EyeType": "Default",
    "Stockings": "None",
    "Accessory": "0",
    "ScheduleTime": "7_7_8_13_13.375_15.5_16_16.5_99",
    "ScheduleDestination": "Spawn_Locker_Hangout_Seat_LunchSpot_Seat_Clean_Locker_Exit",
    "ScheduleAction": "Stand_Stand_Socialize_Sit_Socialize_Sit_Clean_Shoes_Stand",
    "Info": ""
  },
  {
    "ID": "10",
    "Name": "Hayato Haruki",
    "Gender": "1",
    "Class": "21",
    "Seat": "12",
    "Club": "0",
    "Persona": "6",
    "Crush": "0",
    "BreastSize": "0",
    "Strength": "0",
    "Hairstyle": "4",
    "Color": "Green",
    "Eyes": "Green",
    "EyeType": "Default",
    "Stockings": "None",
    "Accessory": "0",
    "ScheduleTime": "7_7_8_13.0002_13.375_15.5002_16_16.5_99",
    "ScheduleDestination": "Spawn_Locker_Hangout_Seat_LunchSpot_Seat_Clean_Locker_Exit",
    "ScheduleAction": "Stand_Stand_Socialize_Sit_Socialize_Sit_Clean_Shoes_Stand",
    "Info": ""
  },
  {
    "ID": "11",
    "Name": "Ryusei Koki",
    "Gender": "1",
    "Class": "22",
    "Seat": "12",
    "Club": "0",
    "Persona": "2",
    "Crush": "0",
    "BreastSize": "0",
    "Strength": "0",
    "Hairstyle": "5",
    "Color": "Blue",
    "Eyes": "Blue",
    "EyeType": "Default",
    "Stockings": "None",
    "Accessory": "4",
    "ScheduleTime": "7_7_8_13_13.375_15.5_16_16.5_99",
    "ScheduleDestination": "Spawn_Locker_Hangout_Seat_LunchSpot_Seat_Clean_Locker_Exit",
    "ScheduleAction": "Stand_Stand_Socialize_Sit_Socialize_Sit_Clean_Shoes_Stand",
    "Info": ""
  },
  {
    "ID": "12",
    "Name": "Sora Sosuke",
    "Gender": "1",
    "Class": "31",
    "Seat": "12",
    "Club": "0",
    "Persona": "6",
    "Crush": "0",
    "BreastSize": "0",
    "Strength": "0",
    "Hairstyle": "6",
    "Color": "Cyan",
    "Eyes": "Cyan",
    "EyeType": "Default",
    "Stockings": "None",
    "Accessory": "0",
    "ScheduleTime": "7_7_8_13_13.375_15.5_16_16.5_99",
    "ScheduleDestination": "Spawn_Locker_Hangout_Seat_LunchSpot_Seat_Clean_Locker_Exit",
    "ScheduleAction": "Stand_Stand_Socialize_Sit_Socialize_Sit_Clean_Shoes_Stand",
    "Info": ""
  },
  {
    "ID": "13",
    "Name": "Riku Soma",
    "Gender": "1",
    "Class": "32",
    "Seat": "12",
    "Club": "0",
    "Persona": "6",
    "Crush": "7",
    "BreastSize": "0",
    "Strength": "0",
    "Hairstyle": "7",
    "Color": "Purple",
    "Eyes": "Purple",
    "EyeType": "Default",
    "Stockings": "None",
    "Accessory": "0",
    "ScheduleTime": "7_7_8_13_13.375_15.5_16_16.25_17.5_99_99",
    "ScheduleDestination": "Spawn_Locker_Hangout_Seat_LunchSpot_Seat_Clean_Stalk_Patrol_Locker_Exit",
    "ScheduleAction": "Stand_Stand_Socialize_Sit_Socialize_Sit_Clean_Stalk_Patrol_Shoes_Stand",
    "Info": "Comes from a rich family. He tries to hide this fact from others, but his affluent origins are very obvious because of his unusual way of speaking."
  },
  {
    "ID": "14",
    "Name": "Pippi Osu",
    "Gender": "0",
    "Class": "11",
    "Seat": "5",
    "Club": "11",
    "Persona": "10",
    "Crush": "15",
    "BreastSize": "1",
    "Strength": "0",
    "Hairstyle": "8",
    "Color": "Pippi",
    "Eyes": "Green",
    "EyeType": "Default",
    "Stockings": "None",
    "Accessory": "0",
    "ScheduleTime": "7_7_8_13_13.375_15.5_16_16.5_99",
    "ScheduleDestination": "Spawn_Locker_Hangout_Seat_Hangout_Seat_Clean_Hangout_Hangout",
    "ScheduleAction": "Stand_Stand_Game_Sit_Game_Sit_Clean_Game_Game",
    "Info": "Extremely unlikely to witness murder unless it takes place in the computer lab."
  },
  {
    "ID": "15",
    "Name": "Ryuto Ippongo",
    "Gender": "1",
    "Class": "12",
    "Seat": "5",
    "Club": "11",
    "Persona": "10",
    "Crush": "14",
    "BreastSize": "0",
    "Strength": "0",
    "Hairstyle": "8",
    "Color": "Red",
    "Eyes": "Red",
    "EyeType": "Default",
    "Stockings": "None",
    "Accessory": "1",
    "ScheduleTime": "7_7_8_13_13.375_15.5_16_16.5_99",
    "ScheduleDestination": "Spawn_Locker_Hangout_Seat_Hangout_Seat_Clean_Hangout_Hangout",
    "ScheduleAction": "Stand_Stand_Game_Sit_Game_Sit_Clean_Game_Game",
    "Info": "Secretly has a crush on Pippi Osu. Neither of them realize that they both share feelings for each other. \n \n Swears to his parents that he spends all of his free time studying."
  },
  {
    "ID": "16",
    "Name": "Midori Gurin",
    "Gender": "0",
    "Class": "31",
    "Seat": "5",
    "Club": "11",
    "Persona": "10",
    "Crush": "0",
    "BreastSize": "1",
    "Strength": "0",
    "Hairstyle": "9",
    "Color": "Green",
    "Eyes": "Green",
    "EyeType": "Default",
    "Stockings": "ShortGreen",
    "Accessory": "0",
    "ScheduleTime": "7_7_8_13_13.375_15.5_16_16.5_99",
    "ScheduleDestination": "Spawn_Locker_Hangout_Seat_Hangout_Seat_Clean_Hangout_Hangout",
    "ScheduleAction": "Stand_Stand_Text_Sit_Text_Sit_Clean_Text_Text",
    "Info": "Known for irritating her classmates and teachers by constantly asking foolish questions."
  },
  {
    "ID": "17",
    "Name": "Sakyu Basu",
    "Gender": "0",
    "Class": "21",
    "Seat": "5",
    "Club": "0",
    "Persona": "6",
    "Crush": "0",
    "BreastSize": "1.5",
    "Strength": "0",
    "Hairstyle": "10",
    "Color": "Succubus1",
    "Eyes": "Succubus1",
    "EyeType": "Default",
    "Stockings": "None",
    "Accessory": "3",
    "ScheduleTime": "7_7_8_13.0003_13.375_15.5003_16_16.5_99",
    "ScheduleDestination": "Spawn_Locker_Hangout_Seat_LunchSpot_Seat_Clean_Locker_Exit",
    "ScheduleAction": "Stand_Stand_Socialize_Sit_Eat_Sit_Clean_Shoes_Stand",
    "Info": "Wears contact lenses. \n \n Enjoys spending time with her younger sister. \n \n Rumored to be a succubus disguised as a high school student...but only a fool would believe something like that."
  },
  {
    "ID": "18",
    "Name": "Inkyu Basu",
    "Gender": "0",
    "Class": "22",
    "Seat": "5",
    "Club": "0",
    "Persona": "6",
    "Crush": "0",
    "BreastSize": "1",
    "Strength": "0",
    "Hairstyle": "11",
    "Color": "Succubus2",
    "Eyes": "Succubus2",
    "EyeType": "Default",
    "Stockings": "None",
    "Accessory": "0",
    "ScheduleTime": "7_7_8_13_13.375_15.5_16_16.5_99",
    "ScheduleDestination": "Spawn_Locker_Hangout_Seat_LunchSpot_Seat_Clean_Locker_Exit",
    "ScheduleAction": "Stand_Stand_Socialize_Sit_Eat_Sit_Clean_Shoes_Stand",
    "Info": "Wears contact lenses. \n \n Enjoys spending time with her older sister. \n \n Rumored to be a vampire disguised as a high school student...but only a fool would believe something like that."
  },
  {
    "ID": "19",
    "Name": "Kuu Dere",
    "Gender": "0",
    "Class": "32",
    "Seat": "5",
    "Club": "0",
    "Persona": "1",
    "Crush": "0",
    "BreastSize": "1",
    "Strength": "0",
    "Hairstyle": "12",
    "Color": "Kuudere",
    "Eyes": "Kuudere",
    "EyeType": "Default",
    "Stockings": "None",
    "Accessory": "0",
    "ScheduleTime": "7_7_8_13_13.375_15.5_16_16.5_99",
    "ScheduleDestination": "Spawn_Locker_Hangout_Seat_Hangout_Seat_Clean_Locker_Exit",
    "ScheduleAction": "Stand_Stand_Read_Sit_Read_Sit_Clean_Shoes_Stand",
    "Info": "The school librarian. \n \n Strongly prefers solitude. \n \n Very rarely expresses emotions."
  },
  {
    "ID": "20",
    "Name": "Mai Waifu",
    "Gender": "0",
    "Class": "31",
    "Seat": "8",
    "Club": "11",
    "Persona": "1",
    "Crush": "99",
    "BreastSize": "2",
    "Strength": "0",
    "Hairstyle": "13",
    "Color": "Waifu",
    "Eyes": "Waifu",
    "EyeType": "Gentle",
    "Stockings": "None",
    "Accessory": "0",
    "ScheduleTime": "7_7_8_13_13.375_15.5_16_16.5_99",
    "ScheduleDestination": "Spawn_Locker_Hangout_Seat_Hangout_Seat_Clean_Locker_Exit",
    "ScheduleAction": "Stand_Stand_Stand_Sit_Stand_Sit_Clean_Shoes_Stand",
    "Info": "Described as 'kawaii' 'moe' and 'deredere' by her admirers. \n \n Has sworn her heart to an independent game developer living overseas. \n \n Prefers to spend her time alone, daydreaming about her loved one."
  },
  {
    "ID": "21",
    "Name": "Budo Masuta",
    "Gender": "1",
    "Class": "32",
    "Seat": "8",
    "Club": "6",
    "Persona": "3",
    "Crush": "99",
    "BreastSize": "0",
    "Strength": "5",
    "Hairstyle": "9",
    "Color": "Black",
    "Eyes": "Black",
    "EyeType": "Default",
    "Stockings": "None",
    "Accessory": "0",
    "ScheduleTime": "7_7_8_13_13.375_15.5_16_99",
    "ScheduleDestination": "Spawn_Locker_Club_Seat_Club_Seat_Clean_Club",
    "ScheduleAction": "Stand_Stand_Club_Sit_Club_Sit_Clean_Club",
    "Info": "President of the Martial Arts Club. Inherited the club after defeating the previous president. \n \n Seems to be incapable of turning down a challenge. \n \n Always gung ho and enthusiastic. Sometimes a bit overzealous, especially about martial arts."
  },
  {
    "ID": "22",
    "Name": "Sho Kunin",
    "Gender": "1",
    "Class": "22",
    "Seat": "8",
    "Club": "6",
    "Persona": "3",
    "Crush": "0",
    "BreastSize": "0",
    "Strength": "3",
    "Hairstyle": "10",
    "Color": "Brown",
    "Eyes": "Brown",
    "EyeType": "Default",
    "Stockings": "None",
    "Accessory": "0",
    "ScheduleTime": "7_7_8_13_13.375_15.5_16_99",
    "ScheduleDestination": "Spawn_Locker_Club_Seat_Club_Seat_Clean_Club",
    "ScheduleAction": "Stand_Stand_Club_Sit_Club_Sit_Clean_Club",
    "Info": "Journeyman-level disciple of Budo Masuta."
  },
  {
    "ID": "23",
    "Name": "Juku Ren",
    "Gender": "1",
    "Class": "12",
    "Seat": "8",
    "Club": "6",
    "Persona": "2",
    "Crush": "0",
    "BreastSize": "0",
    "Strength": "1",
    "Hairstyle": "11",
    "Color": "Orange",
    "Eyes": "Orange",
    "EyeType": "Default",
    "Stockings": "None",
    "Accessory": "0",
    "ScheduleTime": "7_7_8_13_13.375_15.5_16_99",
    "ScheduleDestination": "Spawn_Locker_Club_Seat_Club_Seat_Clean_Club",
    "ScheduleAction": "Stand_Stand_Club_Sit_Club_Sit_Clean_Club",
    "Info": "Apprentice-level disciple of Budo Masuta."
  },
  {
    "ID": "24",
    "Name": "Mina Rai",
    "Gender": "0",
    "Class": "21",
    "Seat": "8",
    "Club": "6",
    "Persona": "3",
    "Crush": "0",
    "BreastSize": "1",
    "Strength": "4",
    "Hairstyle": "14",
    "Color": "Brown",
    "Eyes": "Brown",
    "EyeType": "Default",
    "Stockings": "None",
    "Accessory": "0",
    "ScheduleTime": "7_7_8_13.0004_13.375_15.5004_16_99",
    "ScheduleDestination": "Spawn_Locker_Club_Seat_Club_Seat_Clean_Club",
    "ScheduleAction": "Stand_Stand_Club_Sit_Club_Sit_Clean_Club",
    "Info": "Journeyman-level disciple of Budo Masuta."
  },
  {
    "ID": "25",
    "Name": "Shima Shita",
    "Gender": "0",
    "Class": "11",
    "Seat": "8",
    "Club": "6",
    "Persona": "3",
    "Crush": "0",
    "BreastSize": "1",
    "Strength": "2",
    "Hairstyle": "15",
    "Color": "Orange",
    "Eyes": "Orange",
    "EyeType": "Default",
    "Stockings": "None",
    "Accessory": "0",
    "ScheduleTime": "7_7_8_13_13.375_15.5_16_99",
    "ScheduleDestination": "Spawn_Locker_Club_Seat_Club_Seat_Clean_Club",
    "ScheduleAction": "Stand_Stand_Club_Sit_Club_Sit_Clean_Club",
    "Info": "Apprentice-level disciple of Budo Masuta."
  },
  {
    "ID": "26",
    "Name": "Oka Ruto",
    "Gender": "0",
    "Class": "32",
    "Seat": "10",
    "Club": "3",
    "Persona": "4",
    "Crush": "1",
    "BreastSize": "1",
    "Strength": "0",
    "Hairstyle": "16",
    "Color": "Occult1",
    "Eyes": "Occult1",
    "EyeType": "Default",
    "Stockings": "None",
    "Accessory": "5",
    "ScheduleTime": "7_7_8_13_13.375_15.5_16_99",
    "ScheduleDestination": "Spawn_Locker_Stalk_Seat_Club_Seat_Clean_Club",
    "ScheduleAction": "Stand_Stand_Stalk_Sit_Club_Sit_Clean_Club",
    "Info": "Founder and President of the Occult Club. \n \n Seems to have absolutely no interest in anything that is not paranormal. \n \n Stalks the Basu sisters daily in a futile search for evidence that they are supernatural beings."
  },
  {
    "ID": "27",
    "Name": "Shin Higaku",
    "Gender": "1",
    "Class": "31",
    "Seat": "10",
    "Club": "3",
    "Persona": "4",
    "Crush": "99",
    "BreastSize": "0",
    "Strength": "0",
    "Hairstyle": "12",
    "Color": "Occult2",
    "Eyes": "Occult2",
    "EyeType": "Default",
    "Stockings": "None",
    "Accessory": "0",
    "ScheduleTime": "7_7_8_13_13.375_15.5_16_99",
    "ScheduleDestination": "Spawn_Locker_Club_Seat_Club_Seat_Clean_Club",
    "ScheduleAction": "Stand_Stand_Club_Sit_Club_Sit_Clean_Club",
    "Info": "Trusted by Oka Ruto to operate the Occult Club when she is not present."
  },
  {
    "ID": "28",
    "Name": "Supana Churu",
    "Gender": "0",
    "Class": "22",
    "Seat": "10",
    "Club": "3",
    "Persona": "4",
    "Crush": "0",
    "BreastSize": "1",
    "Strength": "0",
    "Hairstyle": "17",
    "Color": "Occult3",
    "Eyes": "Occult3",
    "EyeType": "Default",
    "Stockings": "None",
    "Accessory": "1",
    "ScheduleTime": "7_7_8_13_13.375_15.5_16_99",
    "ScheduleDestination": "Spawn_Locker_Club_Seat_Club_Seat_Clean_Club",
    "ScheduleAction": "Stand_Stand_Club_Sit_Club_Sit_Clean_Club",
    "Info": "Claims to be wearing a medical eyepatch to correct a problem with her vision. \n \n Refuses to provide details regarding her eye condition, leading to rumors that she is lying about the reason she wears an eyepatch."
  },
  {
    "ID": "29",
    "Name": "Chojo Tekina",
    "Gender": "1",
    "Class": "21",
    "Seat": "10",
    "Club": "3",
    "Persona": "4",
    "Crush": "0",
    "BreastSize": "0",
    "Strength": "0",
    "Hairstyle": "13",
    "Color": "Occult4",
    "Eyes": "Occult4",
    "EyeType": "Default",
    "Stockings": "None",
    "Accessory": "0",
    "ScheduleTime": "7_7_8_13.0005_13.375_15.5005_16_99",
    "ScheduleDestination": "Spawn_Locker_Club_Seat_Club_Seat_Clean_Club",
    "ScheduleAction": "Stand_Stand_Club_Sit_Club_Sit_Clean_Club",
    "Info": "No student has ever seen the right side of his face. \n \n Some students suspect that he is using his hair to hide an unsightly scar or missing eye."
  },
  {
    "ID": "30",
    "Name": "Kokuma Jutsu",
    "Gender": "0",
    "Class": "12",
    "Seat": "10",
    "Club": "3",
    "Persona": "4",
    "Crush": "0",
    "BreastSize": "1",
    "Strength": "0",
    "Hairstyle": "18",
    "Color": "Occult5",
    "Eyes": "Occult5",
    "EyeType": "Default",
    "Stockings": "None",
    "Accessory": "2",
    "ScheduleTime": "7_7_8_13_13.375_15.5_16_99",
    "ScheduleDestination": "Spawn_Locker_Club_Seat_Club_Seat_Clean_Club",
    "ScheduleAction": "Stand_Stand_Club_Sit_Club_Sit_Clean_Club",
    "Info": "Claims that the bandages on her face are the result of being attacked by a wild animal shortly before the school year began. \n \n There are rumors that the true reason she wears bandages is because she is regularly beaten by a family member, and was blinded in one eye during a domestic dispute."
  },
  {
    "ID": "31",
    "Name": "Daku Atsu",
    "Gender": "1",
    "Class": "11",
    "Seat": "10",
    "Club": "3",
    "Persona": "2",
    "Crush": "0",
    "BreastSize": "0",
    "Strength": "0",
    "Hairstyle": "14",
    "Color": "Occult6",
    "Eyes": "Occult6",
    "EyeType": "Default",
    "Stockings": "None",
    "Accessory": "2",
    "ScheduleTime": "7_7_8_13_13.375_15.5_16_99",
    "ScheduleDestination": "Spawn_Locker_Club_Seat_Club_Seat_Clean_Club",
    "ScheduleAction": "Stand_Stand_Club_Sit_Club_Sit_Clean_Club",
    "Info": "One of the lenses of his glasses is completely opaque. No student has ever seen his right eye. \n \n Some students suspect that he only has one eye, and prefers to wear an opaque lense over that eye rather than an eyepatch."
  },
  {
    "ID": "32",
    "Name": "Horuda Puresu",
    "Gender": "0",
    "Class": "11",
    "Seat": "2",
    "Club": "0",
    "Persona": "11",
    "Crush": "0",
    "BreastSize": "1",
    "Strength": "0",
    "Hairstyle": "34",
    "Color": "Black",
    "Eyes": "Black",
    "EyeType": "Default",
    "Stockings": "ShortBlack",
    "Accessory": "0",
    "ScheduleTime": "7_7_8_13_13.375_15.5_16_99",
    "ScheduleDestination": "Spawn_Locker_Hangout_Seat_Hangout_Seat_Clean_Locker_Exit",
    "ScheduleAction": "Stand_Stand_Read_Sit_Read_Sit_Clean_Shoes_Stand",
    "Info": "A shy and timid girl. \n \n She is usually targeted for bullying. \n \n A temporary placeholder student. Don't get too attached to her."
  },
  {
    "ID": "33",
    "Name": "Reserved",
    "Gender": "0",
    "Class": "21",
    "Seat": "11",
    "Club": "0",
    "Persona": "7",
    "Crush": "1",
    "BreastSize": "1",
    "Strength": "1",
    "Hairstyle": "20",
    "Color": "Osana",
    "Eyes": "Osana",
    "EyeType": "Default",
    "Stockings": "Osana",
    "Accessory": "0",
    "ScheduleTime": "7_7_8_13.001_13.375_15.501_16_17.25_99_99",
    "ScheduleDestination": "Spawn_Locker_Hangout_Seat_LunchSpot_Seat_Clean_Hangout_Locker_Exit",
    "ScheduleAction": "Stand_Stand_Stand_Sit_Eat_Sit_Clean_Hangout_Shoes_Exit",
    "Info": ""
  },
  {
    "ID": "34",
    "Name": "Unknown",
    "Gender": "0",
    "Class": "0",
    "Seat": "0",
    "Club": "0",
    "Persona": "0",
    "Crush": "0",
    "BreastSize": "1",
    "Strength": "0",
    "Hairstyle": "1",
    "Color": "White",
    "Eyes": "Black",
    "EyeType": "Default",
    "Stockings": "None",
    "Accessory": "0",
    "ScheduleTime": "7_7_8_13_13.375_15.5_16_99",
    "ScheduleDestination": "Spawn_Locker_Patrol_Seat_Patrol_Seat_Clean_Patrol",
    "ScheduleAction": "Stand_Stand_Patrol_Sit_Patrol_Sit_Clean_Patrol",
    "Info": ""
  },
  {
    "ID": "35",
    "Name": "Unknown",
    "Gender": "0",
    "Class": "0",
    "Seat": "0",
    "Club": "0",
    "Persona": "0",
    "Crush": "0",
    "BreastSize": "1",
    "Strength": "0",
    "Hairstyle": "1",
    "Color": "White",
    "Eyes": "Black",
    "EyeType": "Default",
    "Stockings": "None",
    "Accessory": "0",
    "ScheduleTime": "7_7_8_13_13.375_15.5_16_99",
    "ScheduleDestination": "Spawn_Locker_Patrol_Seat_Patrol_Seat_Clean_Patrol",
    "ScheduleAction": "Stand_Stand_Patrol_Sit_Patrol_Sit_Clean_Patrol",
    "Info": ""
  },
  {
    "ID": "36",
    "Name": "Unknown",
    "Gender": "0",
    "Class": "0",
    "Seat": "0",
    "Club": "0",
    "Persona": "0",
    "Crush": "0",
    "BreastSize": "1",
    "Strength": "0",
    "Hairstyle": "1",
    "Color": "White",
    "Eyes": "Black",
    "EyeType": "Default",
    "Stockings": "None",
    "Accessory": "0",
    "ScheduleTime": "7_7_8_13_13.375_15.5_16_99",
    "ScheduleDestination": "Spawn_Locker_Patrol_Seat_Patrol_Seat_Clean_Patrol",
    "ScheduleAction": "Stand_Stand_Patrol_Sit_Patrol_Sit_Clean_Patrol",
    "Info": ""
  },
  {
    "ID": "37",
    "Name": "Unknown",
    "Gender": "0",
    "Class": "0",
    "Seat": "0",
    "Club": "0",
    "Persona": "0",
    "Crush": "0",
    "BreastSize": "1",
    "Strength": "0",
    "Hairstyle": "1",
    "Color": "White",
    "Eyes": "Black",
    "EyeType": "Default",
    "Stockings": "None",
    "Accessory": "0",
    "ScheduleTime": "7_7_8_13_13.375_15.5_16_99",
    "ScheduleDestination": "Spawn_Locker_Patrol_Seat_Patrol_Seat_Clean_Patrol",
    "ScheduleAction": "Stand_Stand_Patrol_Sit_Patrol_Sit_Clean_Patrol",
    "Info": ""
  },
  {
    "ID": "38",
    "Name": "Unknown",
    "Gender": "0",
    "Class": "0",
    "Seat": "0",
    "Club": "0",
    "Persona": "0",
    "Crush": "0",
    "BreastSize": "1",
    "Strength": "0",
    "Hairstyle": "1",
    "Color": "White",
    "Eyes": "Black",
    "EyeType": "Default",
    "Stockings": "None",
    "Accessory": "0",
    "ScheduleTime": "7_7_8_13_13.375_15.5_16_99",
    "ScheduleDestination": "Spawn_Locker_Patrol_Seat_Patrol_Seat_Clean_Patrol",
    "ScheduleAction": "Stand_Stand_Patrol_Sit_Patrol_Sit_Clean_Patrol",
    "Info": ""
  },
  {
    "ID": "39",
    "Name": "Unknown",
    "Gender": "0",
    "Class": "0",
    "Seat": "0",
    "Club": "0",
    "Persona": "0",
    "Crush": "0",
    "BreastSize": "1",
    "Strength": "0",
    "Hairstyle": "1",
    "Color": "White",
    "Eyes": "Black",
    "EyeType": "Default",
    "Stockings": "None",
    "Accessory": "0",
    "ScheduleTime": "7_7_8_13_13.375_15.5_16_99",
    "ScheduleDestination": "Spawn_Locker_Patrol_Seat_Patrol_Seat_Clean_Patrol",
    "ScheduleAction": "Stand_Stand_Patrol_Sit_Patrol_Sit_Clean_Patrol",
    "Info": ""
  },
  {
    "ID": "40",
    "Name": "Unknown",
    "Gender": "0",
    "Class": "0",
    "Seat": "0",
    "Club": "0",
    "Persona": "0",
    "Crush": "0",
    "BreastSize": "1",
    "Strength": "0",
    "Hairstyle": "1",
    "Color": "White",
    "Eyes": "Black",
    "EyeType": "Default",
    "Stockings": "None",
    "Accessory": "0",
    "ScheduleTime": "7_7_8_13_13.375_15.5_16_99",
    "ScheduleDestination": "Spawn_Locker_Patrol_Seat_Patrol_Seat_Clean_Patrol",
    "ScheduleAction": "Stand_Stand_Patrol_Sit_Patrol_Sit_Clean_Patrol",
    "Info": ""
  },
  {
    "ID": "41",
    "Name": "Unknown",
    "Gender": "0",
    "Class": "0",
    "Seat": "0",
    "Club": "0",
    "Persona": "0",
    "Crush": "0",
    "BreastSize": "1",
    "Strength": "0",
    "Hairstyle": "1",
    "Color": "White",
    "Eyes": "Black",
    "EyeType": "Default",
    "Stockings": "None",
    "Accessory": "0",
    "ScheduleTime": "7_7_8_13_13.375_15.5_16_99",
    "ScheduleDestination": "Spawn_Locker_Patrol_Seat_Patrol_Seat_Clean_Patrol",
    "ScheduleAction": "Stand_Stand_Patrol_Sit_Patrol_Sit_Clean_Patrol",
    "Info": ""
  },
  {
    "ID": "42",
    "Name": "Unknown",
    "Gender": "0",
    "Class": "0",
    "Seat": "0",
    "Club": "0",
    "Persona": "0",
    "Crush": "0",
    "BreastSize": "1",
    "Strength": "0",
    "Hairstyle": "1",
    "Color": "White",
    "Eyes": "Black",
    "EyeType": "Default",
    "Stockings": "None",
    "Accessory": "0",
    "ScheduleTime": "7_7_8_13_13.375_15.5_16_99",
    "ScheduleDestination": "Spawn_Locker_Patrol_Seat_Patrol_Seat_Clean_Patrol",
    "ScheduleAction": "Stand_Stand_Patrol_Sit_Patrol_Sit_Clean_Patrol",
    "Info": ""
  },
  {
    "ID": "43",
    "Name": "Unknown",
    "Gender": "0",
    "Class": "0",
    "Seat": "0",
    "Club": "0",
    "Persona": "0",
    "Crush": "0",
    "BreastSize": "1",
    "Strength": "0",
    "Hairstyle": "1",
    "Color": "White",
    "Eyes": "Black",
    "EyeType": "Default",
    "Stockings": "None",
    "Accessory": "0",
    "ScheduleTime": "7_7_8_13_13.375_15.5_16_99",
    "ScheduleDestination": "Spawn_Locker_Patrol_Seat_Patrol_Seat_Clean_Patrol",
    "ScheduleAction": "Stand_Stand_Patrol_Sit_Patrol_Sit_Clean_Patrol",
    "Info": ""
  },
  {
    "ID": "44",
    "Name": "Unknown",
    "Gender": "0",
    "Class": "0",
    "Seat": "0",
    "Club": "0",
    "Persona": "0",
    "Crush": "0",
    "BreastSize": "1",
    "Strength": "0",
    "Hairstyle": "1",
    "Color": "White",
    "Eyes": "Black",
    "EyeType": "Default",
    "Stockings": "None",
    "Accessory": "0",
    "ScheduleTime": "7_7_8_13_13.375_15.5_16_99",
    "ScheduleDestination": "Spawn_Locker_Patrol_Seat_Patrol_Seat_Clean_Patrol",
    "ScheduleAction": "Stand_Stand_Patrol_Sit_Patrol_Sit_Clean_Patrol",
    "Info": ""
  },
  {
    "ID": "45",
    "Name": "Unknown",
    "Gender": "0",
    "Class": "0",
    "Seat": "0",
    "Club": "0",
    "Persona": "0",
    "Crush": "0",
    "BreastSize": "1",
    "Strength": "0",
    "Hairstyle": "1",
    "Color": "White",
    "Eyes": "Black",
    "EyeType": "Default",
    "Stockings": "None",
    "Accessory": "0",
    "ScheduleTime": "7_7_8_13_13.375_15.5_16_99",
    "ScheduleDestination": "Spawn_Locker_Patrol_Seat_Patrol_Seat_Clean_Patrol",
    "ScheduleAction": "Stand_Stand_Patrol_Sit_Patrol_Sit_Clean_Patrol",
    "Info": ""
  },
  {
    "ID": "46",
    "Name": "Unknown",
    "Gender": "0",
    "Class": "0",
    "Seat": "0",
    "Club": "0",
    "Persona": "0",
    "Crush": "0",
    "BreastSize": "1",
    "Strength": "0",
    "Hairstyle": "1",
    "Color": "White",
    "Eyes": "Black",
    "EyeType": "Default",
    "Stockings": "None",
    "Accessory": "0",
    "ScheduleTime": "7_7_8_13_13.375_15.5_16_99",
    "ScheduleDestination": "Spawn_Locker_Patrol_Seat_Patrol_Seat_Clean_Patrol",
    "ScheduleAction": "Stand_Stand_Patrol_Sit_Patrol_Sit_Clean_Patrol",
    "Info": ""
  },
  {
    "ID": "47",
    "Name": "Unknown",
    "Gender": "0",
    "Class": "0",
    "Seat": "0",
    "Club": "0",
    "Persona": "0",
    "Crush": "0",
    "BreastSize": "1",
    "Strength": "0",
    "Hairstyle": "1",
    "Color": "White",
    "Eyes": "Black",
    "EyeType": "Default",
    "Stockings": "None",
    "Accessory": "0",
    "ScheduleTime": "7_7_8_13_13.375_15.5_16_99",
    "ScheduleDestination": "Spawn_Locker_Patrol_Seat_Patrol_Seat_Clean_Patrol",
    "ScheduleAction": "Stand_Stand_Patrol_Sit_Patrol_Sit_Clean_Patrol",
    "Info": ""
  },
  {
    "ID": "48",
    "Name": "Unknown",
    "Gender": "0",
    "Class": "0",
    "Seat": "0",
    "Club": "0",
    "Persona": "0",
    "Crush": "0",
    "BreastSize": "1",
    "Strength": "0",
    "Hairstyle": "1",
    "Color": "White",
    "Eyes": "Black",
    "EyeType": "Default",
    "Stockings": "None",
    "Accessory": "0",
    "ScheduleTime": "7_7_8_13_13.375_15.5_16_99",
    "ScheduleDestination": "Spawn_Locker_Patrol_Seat_Patrol_Seat_Clean_Patrol",
    "ScheduleAction": "Stand_Stand_Patrol_Sit_Patrol_Sit_Clean_Patrol",
    "Info": ""
  },
  {
    "ID": "49",
    "Name": "Unknown",
    "Gender": "0",
    "Class": "0",
    "Seat": "0",
    "Club": "0",
    "Persona": "0",
    "Crush": "0",
    "BreastSize": "1",
    "Strength": "0",
    "Hairstyle": "1",
    "Color": "White",
    "Eyes": "Black",
    "EyeType": "Default",
    "Stockings": "None",
    "Accessory": "0",
    "ScheduleTime": "7_7_8_13_13.375_15.5_16_99",
    "ScheduleDestination": "Spawn_Locker_Patrol_Seat_Patrol_Seat_Clean_Patrol",
    "ScheduleAction": "Stand_Stand_Patrol_Sit_Patrol_Sit_Clean_Patrol",
    "Info": ""
  },
  {
    "ID": "50",
    "Name": "Unknown",
    "Gender": "0",
    "Class": "0",
    "Seat": "0",
    "Club": "0",
    "Persona": "0",
    "Crush": "0",
    "BreastSize": "1",
    "Strength": "0",
    "Hairstyle": "1",
    "Color": "White",
    "Eyes": "Black",
    "EyeType": "Default",
    "Stockings": "None",
    "Accessory": "0",
    "ScheduleTime": "7_7_8_13_13.375_15.5_16_99",
    "ScheduleDestination": "Spawn_Locker_Patrol_Seat_Patrol_Seat_Clean_Patrol",
    "ScheduleAction": "Stand_Stand_Patrol_Sit_Patrol_Sit_Clean_Patrol",
    "Info": ""
  },
  {
    "ID": "51",
    "Name": "Unknown",
    "Gender": "0",
    "Class": "0",
    "Seat": "0",
    "Club": "0",
    "Persona": "0",
    "Crush": "0",
    "BreastSize": "1",
    "Strength": "0",
    "Hairstyle": "1",
    "Color": "White",
    "Eyes": "Black",
    "EyeType": "Default",
    "Stockings": "None",
    "Accessory": "0",
    "ScheduleTime": "7_7_8_13_13.375_15.5_16_99",
    "ScheduleDestination": "Spawn_Locker_Patrol_Seat_Patrol_Seat_Clean_Patrol",
    "ScheduleAction": "Stand_Stand_Patrol_Sit_Patrol_Sit_Clean_Patrol",
    "Info": ""
  },
  {
    "ID": "52",
    "Name": "Unknown",
    "Gender": "0",
    "Class": "0",
    "Seat": "0",
    "Club": "0",
    "Persona": "0",
    "Crush": "0",
    "BreastSize": "1",
    "Strength": "0",
    "Hairstyle": "1",
    "Color": "White",
    "Eyes": "Black",
    "EyeType": "Default",
    "Stockings": "None",
    "Accessory": "0",
    "ScheduleTime": "7_7_8_13_13.375_15.5_16_99",
    "ScheduleDestination": "Spawn_Locker_Patrol_Seat_Patrol_Seat_Clean_Patrol",
    "ScheduleAction": "Stand_Stand_Patrol_Sit_Patrol_Sit_Clean_Patrol",
    "Info": ""
  },
  {
    "ID": "53",
    "Name": "Unknown",
    "Gender": "0",
    "Class": "0",
    "Seat": "0",
    "Club": "0",
    "Persona": "0",
    "Crush": "0",
    "BreastSize": "1",
    "Strength": "0",
    "Hairstyle": "1",
    "Color": "White",
    "Eyes": "Black",
    "EyeType": "Default",
    "Stockings": "None",
    "Accessory": "0",
    "ScheduleTime": "7_7_8_13_13.375_15.5_16_99",
    "ScheduleDestination": "Spawn_Locker_Patrol_Seat_Patrol_Seat_Clean_Patrol",
    "ScheduleAction": "Stand_Stand_Patrol_Sit_Patrol_Sit_Clean_Patrol",
    "Info": ""
  },
  {
    "ID": "54",
    "Name": "Unknown",
    "Gender": "0",
    "Class": "0",
    "Seat": "0",
    "Club": "0",
    "Persona": "0",
    "Crush": "0",
    "BreastSize": "1",
    "Strength": "0",
    "Hairstyle": "1",
    "Color": "White",
    "Eyes": "Black",
    "EyeType": "Default",
    "Stockings": "None",
    "Accessory": "0",
    "ScheduleTime": "7_7_8_13_13.375_15.5_16_99",
    "ScheduleDestination": "Spawn_Locker_Patrol_Seat_Patrol_Seat_Clean_Patrol",
    "ScheduleAction": "Stand_Stand_Patrol_Sit_Patrol_Sit_Clean_Patrol",
    "Info": ""
  },
  {
    "ID": "55",
    "Name": "Unknown",
    "Gender": "0",
    "Class": "0",
    "Seat": "0",
    "Club": "0",
    "Persona": "0",
    "Crush": "0",
    "BreastSize": "1",
    "Strength": "0",
    "Hairstyle": "1",
    "Color": "White",
    "Eyes": "Black",
    "EyeType": "Default",
    "Stockings": "None",
    "Accessory": "0",
    "ScheduleTime": "7_7_8_13_13.375_15.5_16_99",
    "ScheduleDestination": "Spawn_Locker_Patrol_Seat_Patrol_Seat_Clean_Patrol",
    "ScheduleAction": "Stand_Stand_Patrol_Sit_Patrol_Sit_Clean_Patrol",
    "Info": ""
  },
  {
    "ID": "56",
    "Name": "Unknown",
    "Gender": "0",
    "Class": "0",
    "Seat": "0",
    "Club": "0",
    "Persona": "0",
    "Crush": "0",
    "BreastSize": "1",
    "Strength": "0",
    "Hairstyle": "1",
    "Color": "White",
    "Eyes": "Black",
    "EyeType": "Default",
    "Stockings": "None",
    "Accessory": "0",
    "ScheduleTime": "7_7_8_13_13.375_15.5_16_99",
    "ScheduleDestination": "Spawn_Locker_Patrol_Seat_Patrol_Seat_Clean_Patrol",
    "ScheduleAction": "Stand_Stand_Patrol_Sit_Patrol_Sit_Clean_Patrol",
    "Info": ""
  },
  {
    "ID": "57",
    "Name": "Unknown",
    "Gender": "0",
    "Class": "0",
    "Seat": "0",
    "Club": "0",
    "Persona": "0",
    "Crush": "0",
    "BreastSize": "1",
    "Strength": "0",
    "Hairstyle": "1",
    "Color": "White",
    "Eyes": "Black",
    "EyeType": "Default",
    "Stockings": "None",
    "Accessory": "0",
    "ScheduleTime": "7_7_8_13_13.375_15.5_16_99",
    "ScheduleDestination": "Spawn_Locker_Patrol_Seat_Patrol_Seat_Clean_Patrol",
    "ScheduleAction": "Stand_Stand_Patrol_Sit_Patrol_Sit_Clean_Patrol",
    "Info": ""
  },
  {
    "ID": "58",
    "Name": "Unknown",
    "Gender": "0",
    "Class": "0",
    "Seat": "0",
    "Club": "0",
    "Persona": "0",
    "Crush": "0",
    "BreastSize": "1",
    "Strength": "0",
    "Hairstyle": "1",
    "Color": "White",
    "Eyes": "Black",
    "EyeType": "Default",
    "Stockings": "None",
    "Accessory": "0",
    "ScheduleTime": "7_7_8_13_13.375_15.5_16_99",
    "ScheduleDestination": "Spawn_Locker_Patrol_Seat_Patrol_Seat_Clean_Patrol",
    "ScheduleAction": "Stand_Stand_Patrol_Sit_Patrol_Sit_Clean_Patrol",
    "Info": ""
  },
  {
    "ID": "59",
    "Name": "Unknown",
    "Gender": "0",
    "Class": "0",
    "Seat": "0",
    "Club": "0",
    "Persona": "0",
    "Crush": "0",
    "BreastSize": "1",
    "Strength": "0",
    "Hairstyle": "1",
    "Color": "White",
    "Eyes": "Black",
    "EyeType": "Default",
    "Stockings": "None",
    "Accessory": "0",
    "ScheduleTime": "7_7_8_13_13.375_15.5_16_99",
    "ScheduleDestination": "Spawn_Locker_Patrol_Seat_Patrol_Seat_Clean_Patrol",
    "ScheduleAction": "Stand_Stand_Patrol_Sit_Patrol_Sit_Clean_Patrol",
    "Info": ""
  },
  {
    "ID": "60",
    "Name": "Unknown",
    "Gender": "0",
    "Class": "0",
    "Seat": "0",
    "Club": "0",
    "Persona": "0",
    "Crush": "0",
    "BreastSize": "1",
    "Strength": "0",
    "Hairstyle": "1",
    "Color": "White",
    "Eyes": "Black",
    "EyeType": "Default",
    "Stockings": "None",
    "Accessory": "0",
    "ScheduleTime": "7_7_8_13_13.375_15.5_16_99",
    "ScheduleDestination": "Spawn_Locker_Patrol_Seat_Patrol_Seat_Clean_Patrol",
    "ScheduleAction": "Stand_Stand_Patrol_Sit_Patrol_Sit_Clean_Patrol",
    "Info": ""
  },
  {
    "ID": "61",
    "Name": "Unknown",
    "Gender": "0",
    "Class": "0",
    "Seat": "0",
    "Club": "0",
    "Persona": "0",
    "Crush": "0",
    "BreastSize": "1",
    "Strength": "0",
    "Hairstyle": "1",
    "Color": "White",
    "Eyes": "Black",
    "EyeType": "Default",
    "Stockings": "None",
    "Accessory": "0",
    "ScheduleTime": "7_7_8_13_13.375_15.5_16_99",
    "ScheduleDestination": "Spawn_Locker_Patrol_Seat_Patrol_Seat_Clean_Patrol",
    "ScheduleAction": "Stand_Stand_Patrol_Sit_Patrol_Sit_Clean_Patrol",
    "Info": ""
  },
  {
    "ID": "62",
    "Name": "Unknown",
    "Gender": "0",
    "Class": "0",
    "Seat": "0",
    "Club": "0",
    "Persona": "0",
    "Crush": "0",
    "BreastSize": "1",
    "Strength": "0",
    "Hairstyle": "1",
    "Color": "White",
    "Eyes": "Black",
    "EyeType": "Default",
    "Stockings": "None",
    "Accessory": "0",
    "ScheduleTime": "7_7_8_13_13.375_15.5_16_99",
    "ScheduleDestination": "Spawn_Locker_Patrol_Seat_Patrol_Seat_Clean_Patrol",
    "ScheduleAction": "Stand_Stand_Patrol_Sit_Patrol_Sit_Clean_Patrol",
    "Info": ""
  },
  {
    "ID": "63",
    "Name": "Unknown",
    "Gender": "0",
    "Class": "0",
    "Seat": "0",
    "Club": "0",
    "Persona": "0",
    "Crush": "0",
    "BreastSize": "1",
    "Strength": "0",
    "Hairstyle": "1",
    "Color": "White",
    "Eyes": "Black",
    "EyeType": "Default",
    "Stockings": "None",
    "Accessory": "0",
    "ScheduleTime": "7_7_8_13_13.375_15.5_16_99",
    "ScheduleDestination": "Spawn_Locker_Patrol_Seat_Patrol_Seat_Clean_Patrol",
    "ScheduleAction": "Stand_Stand_Patrol_Sit_Patrol_Sit_Clean_Patrol",
    "Info": ""
  },
  {
    "ID": "64",
    "Name": "Unknown",
    "Gender": "0",
    "Class": "0",
    "Seat": "0",
    "Club": "0",
    "Persona": "0",
    "Crush": "0",
    "BreastSize": "1",
    "Strength": "0",
    "Hairstyle": "1",
    "Color": "White",
    "Eyes": "Black",
    "EyeType": "Default",
    "Stockings": "None",
    "Accessory": "0",
    "ScheduleTime": "7_7_8_13_13.375_15.5_16_99",
    "ScheduleDestination": "Spawn_Locker_Patrol_Seat_Patrol_Seat_Clean_Patrol",
    "ScheduleAction": "Stand_Stand_Patrol_Sit_Patrol_Sit_Clean_Patrol",
    "Info": ""
  },
  {
    "ID": "65",
    "Name": "Unknown",
    "Gender": "0",
    "Class": "0",
    "Seat": "0",
    "Club": "0",
    "Persona": "0",
    "Crush": "0",
    "BreastSize": "1",
    "Strength": "0",
    "Hairstyle": "1",
    "Color": "White",
    "Eyes": "Black",
    "EyeType": "Default",
    "Stockings": "None",
    "Accessory": "0",
    "ScheduleTime": "7_7_8_13_13.375_15.5_16_99",
    "ScheduleDestination": "Spawn_Locker_Patrol_Seat_Patrol_Seat_Clean_Patrol",
    "ScheduleAction": "Stand_Stand_Patrol_Sit_Patrol_Sit_Clean_Patrol",
    "Info": ""
  },
  {
    "ID": "66",
    "Name": "Unknown",
    "Gender": "0",
    "Class": "0",
    "Seat": "0",
    "Club": "0",
    "Persona": "0",
    "Crush": "0",
    "BreastSize": "1",
    "Strength": "0",
    "Hairstyle": "1",
    "Color": "White",
    "Eyes": "Black",
    "EyeType": "Default",
    "Stockings": "None",
    "Accessory": "0",
    "ScheduleTime": "7_7_8_13_13.375_15.5_16_99",
    "ScheduleDestination": "Spawn_Locker_Patrol_Seat_Patrol_Seat_Clean_Patrol",
    "ScheduleAction": "Stand_Stand_Patrol_Sit_Patrol_Sit_Clean_Patrol",
    "Info": ""
  },
  {
    "ID": "67",
    "Name": "Unknown",
    "Gender": "0",
    "Class": "0",
    "Seat": "0",
    "Club": "0",
    "Persona": "0",
    "Crush": "0",
    "BreastSize": "1",
    "Strength": "0",
    "Hairstyle": "1",
    "Color": "White",
    "Eyes": "Black",
    "EyeType": "Default",
    "Stockings": "None",
    "Accessory": "0",
    "ScheduleTime": "7_7_8_13_13.375_15.5_16_99",
    "ScheduleDestination": "Spawn_Locker_Patrol_Seat_Patrol_Seat_Clean_Patrol",
    "ScheduleAction": "Stand_Stand_Patrol_Sit_Patrol_Sit_Clean_Patrol",
    "Info": ""
  },
  {
    "ID": "68",
    "Name": "Unknown",
    "Gender": "0",
    "Class": "0",
    "Seat": "0",
    "Club": "0",
    "Persona": "0",
    "Crush": "0",
    "BreastSize": "1",
    "Strength": "0",
    "Hairstyle": "1",
    "Color": "White",
    "Eyes": "Black",
    "EyeType": "Default",
    "Stockings": "None",
    "Accessory": "0",
    "ScheduleTime": "7_7_8_13_13.375_15.5_16_99",
    "ScheduleDestination": "Spawn_Locker_Patrol_Seat_Patrol_Seat_Clean_Patrol",
    "ScheduleAction": "Stand_Stand_Patrol_Sit_Patrol_Sit_Clean_Patrol",
    "Info": ""
  },
  {
    "ID": "69",
    "Name": "Unknown",
    "Gender": "0",
    "Class": "0",
    "Seat": "0",
    "Club": "0",
    "Persona": "0",
    "Crush": "0",
    "BreastSize": "1",
    "Strength": "0",
    "Hairstyle": "1",
    "Color": "White",
    "Eyes": "Black",
    "EyeType": "Default",
    "Stockings": "None",
    "Accessory": "0",
    "ScheduleTime": "7_7_8_13_13.375_15.5_16_99",
    "ScheduleDestination": "Spawn_Locker_Patrol_Seat_Patrol_Seat_Clean_Patrol",
    "ScheduleAction": "Stand_Stand_Patrol_Sit_Patrol_Sit_Clean_Patrol",
    "Info": ""
  },
  {
    "ID": "70",
    "Name": "Unknown",
    "Gender": "0",
    "Class": "0",
    "Seat": "0",
    "Club": "0",
    "Persona": "0",
    "Crush": "0",
    "BreastSize": "1",
    "Strength": "0",
    "Hairstyle": "1",
    "Color": "White",
    "Eyes": "Black",
    "EyeType": "Default",
    "Stockings": "None",
    "Accessory": "0",
    "ScheduleTime": "7_7_8_13_13.375_15.5_16_99",
    "ScheduleDestination": "Spawn_Locker_Patrol_Seat_Patrol_Seat_Clean_Patrol",
    "ScheduleAction": "Stand_Stand_Patrol_Sit_Patrol_Sit_Clean_Patrol",
    "Info": ""
  },
  {
    "ID": "71",
    "Name": "Unknown",
    "Gender": "0",
    "Class": "0",
    "Seat": "0",
    "Club": "0",
    "Persona": "0",
    "Crush": "0",
    "BreastSize": "1",
    "Strength": "0",
    "Hairstyle": "1",
    "Color": "White",
    "Eyes": "Black",
    "EyeType": "Default",
    "Stockings": "None",
    "Accessory": "0",
    "ScheduleTime": "7_7_8_13_13.375_15.5_16_99",
    "ScheduleDestination": "Spawn_Locker_Patrol_Seat_Patrol_Seat_Clean_Patrol",
    "ScheduleAction": "Stand_Stand_Patrol_Sit_Patrol_Sit_Clean_Patrol",
    "Info": ""
  },
  {
    "ID": "72",
    "Name": "Unknown",
    "Gender": "0",
    "Class": "0",
    "Seat": "0",
    "Club": "0",
    "Persona": "0",
    "Crush": "0",
    "BreastSize": "1",
    "Strength": "0",
    "Hairstyle": "1",
    "Color": "White",
    "Eyes": "Black",
    "EyeType": "Default",
    "Stockings": "None",
    "Accessory": "0",
    "ScheduleTime": "7_7_8_13_13.375_15.5_16_99",
    "ScheduleDestination": "Spawn_Locker_Patrol_Seat_Patrol_Seat_Clean_Patrol",
    "ScheduleAction": "Stand_Stand_Patrol_Sit_Patrol_Sit_Clean_Patrol",
    "Info": ""
  },
  {
    "ID": "73",
    "Name": "Unknown",
    "Gender": "0",
    "Class": "0",
    "Seat": "0",
    "Club": "0",
    "Persona": "0",
    "Crush": "0",
    "BreastSize": "1",
    "Strength": "0",
    "Hairstyle": "1",
    "Color": "White",
    "Eyes": "Black",
    "EyeType": "Default",
    "Stockings": "None",
    "Accessory": "0",
    "ScheduleTime": "7_7_8_13_13.375_15.5_16_99",
    "ScheduleDestination": "Spawn_Locker_Patrol_Seat_Patrol_Seat_Clean_Patrol",
    "ScheduleAction": "Stand_Stand_Patrol_Sit_Patrol_Sit_Clean_Patrol",
    "Info": ""
  },
  {
    "ID": "74",
    "Name": "Unknown",
    "Gender": "0",
    "Class": "0",
    "Seat": "0",
    "Club": "0",
    "Persona": "0",
    "Crush": "0",
    "BreastSize": "1",
    "Strength": "0",
    "Hairstyle": "1",
    "Color": "White",
    "Eyes": "Black",
    "EyeType": "Default",
    "Stockings": "None",
    "Accessory": "0",
    "ScheduleTime": "7_7_8_13_13.375_15.5_16_99",
    "ScheduleDestination": "Spawn_Locker_Patrol_Seat_Patrol_Seat_Clean_Patrol",
    "ScheduleAction": "Stand_Stand_Patrol_Sit_Patrol_Sit_Clean_Patrol",
    "Info": ""
  },
  {
    "ID": "75",
    "Name": "Unknown",
    "Gender": "0",
    "Class": "0",
    "Seat": "0",
    "Club": "0",
    "Persona": "0",
    "Crush": "0",
    "BreastSize": "1",
    "Strength": "0",
    "Hairstyle": "1",
    "Color": "White",
    "Eyes": "Black",
    "EyeType": "Default",
    "Stockings": "None",
    "Accessory": "0",
    "ScheduleTime": "7_7_8_13_13.375_15.5_16_99",
    "ScheduleDestination": "Spawn_Locker_Patrol_Seat_Patrol_Seat_Clean_Patrol",
    "ScheduleAction": "Stand_Stand_Patrol_Sit_Patrol_Sit_Clean_Patrol",
    "Info": ""
  },
  {
    "ID": "76",
    "Name": "Unknown",
    "Gender": "0",
    "Class": "0",
    "Seat": "0",
    "Club": "0",
    "Persona": "0",
    "Crush": "0",
    "BreastSize": "1",
    "Strength": "0",
    "Hairstyle": "1",
    "Color": "White",
    "Eyes": "Black",
    "EyeType": "Default",
    "Stockings": "None",
    "Accessory": "0",
    "ScheduleTime": "7_7_8_13_13.375_15.5_16_99",
    "ScheduleDestination": "Spawn_Locker_Patrol_Seat_Patrol_Seat_Clean_Patrol",
    "ScheduleAction": "Stand_Stand_Patrol_Sit_Patrol_Sit_Clean_Patrol",
    "Info": ""
  },
  {
    "ID": "77",
    "Name": "Unknown",
    "Gender": "0",
    "Class": "0",
    "Seat": "0",
    "Club": "0",
    "Persona": "0",
    "Crush": "0",
    "BreastSize": "1",
    "Strength": "0",
    "Hairstyle": "1",
    "Color": "White",
    "Eyes": "Black",
    "EyeType": "Default",
    "Stockings": "None",
    "Accessory": "0",
    "ScheduleTime": "7_7_8_13_13.375_15.5_16_99",
    "ScheduleDestination": "Spawn_Locker_Patrol_Seat_Patrol_Seat_Clean_Patrol",
    "ScheduleAction": "Stand_Stand_Patrol_Sit_Patrol_Sit_Clean_Patrol",
    "Info": ""
  },
  {
    "ID": "78",
    "Name": "Unknown",
    "Gender": "0",
    "Class": "0",
    "Seat": "0",
    "Club": "0",
    "Persona": "0",
    "Crush": "0",
    "BreastSize": "1",
    "Strength": "0",
    "Hairstyle": "1",
    "Color": "White",
    "Eyes": "Black",
    "EyeType": "Default",
    "Stockings": "None",
    "Accessory": "0",
    "ScheduleTime": "7_7_8_13_13.375_15.5_16_99",
    "ScheduleDestination": "Spawn_Locker_Patrol_Seat_Patrol_Seat_Clean_Patrol",
    "ScheduleAction": "Stand_Stand_Patrol_Sit_Patrol_Sit_Clean_Patrol",
    "Info": ""
  },
  {
    "ID": "79",
    "Name": "Unknown",
    "Gender": "0",
    "Class": "0",
    "Seat": "0",
    "Club": "0",
    "Persona": "0",
    "Crush": "0",
    "BreastSize": "1",
    "Strength": "0",
    "Hairstyle": "1",
    "Color": "White",
    "Eyes": "Black",
    "EyeType": "Default",
    "Stockings": "None",
    "Accessory": "0",
    "ScheduleTime": "7_7_8_13_13.375_15.5_16_99",
    "ScheduleDestination": "Spawn_Locker_Patrol_Seat_Patrol_Seat_Clean_Patrol",
    "ScheduleAction": "Stand_Stand_Patrol_Sit_Patrol_Sit_Clean_Patrol",
    "Info": ""
  },
  {
    "ID": "80",
    "Name": "Unknown",
    "Gender": "0",
    "Class": "0",
    "Seat": "0",
    "Club": "0",
    "Persona": "0",
    "Crush": "0",
    "BreastSize": "1",
    "Strength": "0",
    "Hairstyle": "1",
    "Color": "White",
    "Eyes": "Black",
    "EyeType": "Default",
    "Stockings": "None",
    "Accessory": "0",
    "ScheduleTime": "7_7_8_13_13.375_15.5_16_99",
    "ScheduleDestination": "Spawn_Locker_Patrol_Seat_Patrol_Seat_Clean_Patrol",
    "ScheduleAction": "Stand_Stand_Patrol_Sit_Patrol_Sit_Clean_Patrol",
    "Info": ""
  },
  {
    "ID": "81",
    "Name": "Musume Ronshaku",
    "Gender": "0",
    "Class": "32",
    "Seat": "1",
    "Club": "14",
    "Persona": "10",
    "Crush": "0",
    "BreastSize": "1.5",
    "Strength": "0",
    "Hairstyle": "26",
    "Color": "Ganguro1",
    "Eyes": "Ganguro1",
    "EyeType": "Default",
    "Stockings": "Loose",
    "Accessory": "0",
    "ScheduleTime": "7_7_8_13_13.375_15.5_16_99",
    "ScheduleDestination": "Spawn_Locker_Graffiti_Seat_Bully_Seat_Hangout_Patrol",
    "ScheduleAction": "Stand_Stand_Graffiti_Sit_Bully_Sit_Gossip_Patrol",
    "Info": "A flashy trend-setter who loves to gossip and doesn't take school too seriously. \n \n She is spoiled rotten by her doting father, who buys his daughter anything she wants. \n \n Her father runs a loan agency."
  },
  {
    "ID": "82",
    "Name": "Kashiko Murasaki",
    "Gender": "0",
    "Class": "31",
    "Seat": "1",
    "Club": "14",
    "Persona": "10",
    "Crush": "0",
    "BreastSize": "1.4",
    "Strength": "0",
    "Hairstyle": "27",
    "Color": "Ganguro2",
    "Eyes": "Ganguro2",
    "EyeType": "Default",
    "Stockings": "Loose",
    "Accessory": "0",
    "ScheduleTime": "7_7_8_13_13.375_15.5_16_99",
    "ScheduleDestination": "Spawn_Locker_Graffiti_Seat_Bully_Seat_Hangout_Patrol",
    "ScheduleAction": "Stand_Stand_Graffiti_Sit_Bully_Sit_Gossip_Patrol",
    "Info": "Spends most of her time texting on her phone. \n \n Pretends to be a sweet girl, but in private, her personality is quite nasty. \n \n Secretly, her favorite activity is gossipping and spreading rumors."
  },
  {
    "ID": "83",
    "Name": "Hana Daidaiyama",
    "Gender": "0",
    "Class": "22",
    "Seat": "1",
    "Club": "14",
    "Persona": "10",
    "Crush": "0",
    "BreastSize": "1.3",
    "Strength": "0",
    "Hairstyle": "28",
    "Color": "Ganguro3",
    "Eyes": "Ganguro3",
    "EyeType": "Default",
    "Stockings": "Loose",
    "Accessory": "0",
    "ScheduleTime": "7_7_8_13_13.375_15.5_16_99",
    "ScheduleDestination": "Spawn_Locker_Graffiti_Seat_Bully_Seat_Hangout_Patrol",
    "ScheduleAction": "Stand_Stand_Graffiti_Sit_Bully_Sit_Gossip_Patrol",
    "Info": "Spends most of her time playing games on her phone. \n \n Pretends to be pure and innocent, but in private, she can be extremely vulgar. \n \n Secretly, her favorite activity is looking for dirt in peoples' pasts."
  },
  {
    "ID": "84",
    "Name": "Kokoro Momoiro",
    "Gender": "0",
    "Class": "21",
    "Seat": "1",
    "Club": "14",
    "Persona": "10",
    "Crush": "0",
    "BreastSize": "1.2",
    "Strength": "0",
    "Hairstyle": "29",
    "Color": "Ganguro4",
    "Eyes": "Ganguro4",
    "EyeType": "Default",
    "Stockings": "Loose",
    "Accessory": "0",
    "ScheduleTime": "7_7_8_13.0006_13.375_15.5006_16_99",
    "ScheduleDestination": "Spawn_Locker_Graffiti_Seat_Bully_Seat_Hangout_Patrol",
    "ScheduleAction": "Stand_Stand_Graffiti_Sit_Bully_Sit_Gossip_Patrol",
    "Info": "Spends most of her time taking selfies with her phone. \n \n Pretends to oppose bullying, but in private, she harasses the people she dislikes. \n \n Secretly, her favorite activity is shaming and ridiculing other people."
  },
  {
    "ID": "85",
    "Name": "Hoshiko Mizudori",
    "Gender": "0",
    "Class": "12",
    "Seat": "1",
    "Club": "14",
    "Persona": "10",
    "Crush": "0",
    "BreastSize": "1.1",
    "Strength": "0",
    "Hairstyle": "30",
    "Color": "Ganguro5",
    "Eyes": "Ganguro5",
    "EyeType": "Default",
    "Stockings": "Loose",
    "Accessory": "0",
    "ScheduleTime": "7_7_8_13_13.375_15.5_16_99",
    "ScheduleDestination": "Spawn_Locker_Graffiti_Seat_Bully_Seat_Hangout_Patrol",
    "ScheduleAction": "Stand_Stand_Graffiti_Sit_Bully_Sit_Gossip_Patrol",
    "Info": "Spends most of her time browsing the Internet on her phone. \n \n Pretends to be a positive person, but in private, only says negative things about others. \n \n Secretly, her favorite activity is operating a hate blog on the Internet."
  },
  {
    "ID": "86",
    "Name": "Kuroko Kamenaga",
    "Gender": "0",
    "Class": "32",
    "Seat": "3",
    "Club": "13",
    "Persona": "8",
    "Crush": "0",
    "BreastSize": "1.25",
    "Strength": "7",
    "Hairstyle": "22",
    "Color": "Council1",
    "Eyes": "Council1",
    "EyeType": "Council1",
    "Stockings": "Council1",
    "Accessory": "8",
    "ScheduleTime": "7_8_13_13.375_15.5_16_99",
    "ScheduleDestination": "Spawn_Patrol_Seat_Patrol_Seat_Patrol_Hangout",
    "ScheduleAction": "Stand_Patrol_Sit_Patrol_Sit_Patrol_Relax",
    "Info": "Last year's student council president, and this year's vice president. Currently substituting for the absent president. Known for being formal at all times."
  },
  {
    "ID": "87",
    "Name": "Shiromi Torayoshi",
    "Gender": "0",
    "Class": "22",
    "Seat": "3",
    "Club": "13",
    "Persona": "8",
    "Crush": "0",
    "BreastSize": "0.75",
    "Strength": "7",
    "Hairstyle": "23",
    "Color": "Council2",
    "Eyes": "Council2",
    "EyeType": "Council2",
    "Stockings": "Council2",
    "Accessory": "9",
    "ScheduleTime": "7_8_13_13.375_15.5_16_99",
    "ScheduleDestination": "Spawn_Patrol_Seat_Patrol_Seat_Patrol_Hangout",
    "ScheduleAction": "Stand_Patrol_Sit_Patrol_Sit_Patrol_Relax",
    "Info": "Treasurer of the student council. A mysterious &amp; enigmatic young woman. Known to be calm &amp; relaxed at all times. Some students find her unsettling."
  },
  {
    "ID": "88",
    "Name": "Akane Toriyasu",
    "Gender": "0",
    "Class": "31",
    "Seat": "3",
    "Club": "13",
    "Persona": "8",
    "Crush": "0",
    "BreastSize": "1.5",
    "Strength": "7",
    "Hairstyle": "24",
    "Color": "Council3",
    "Eyes": "Council3",
    "EyeType": "Council3",
    "Stockings": "Council3",
    "Accessory": "10",
    "ScheduleTime": "7_8_13_13.375_15.5_16_99",
    "ScheduleDestination": "Spawn_Patrol_Seat_Patrol_Seat_Patrol_Hangout",
    "ScheduleAction": "Stand_Patrol_Sit_Patrol_Sit_Patrol_Relax",
    "Info": "Secretary of the student council. Seems ditzy and airheaded at first glance, but has never failed in her duties. She has a very large number of male admirers."
  },
  {
    "ID": "89",
    "Name": "Aoi Ryugoku",
    "Gender": "0",
    "Class": "21",
    "Seat": "3",
    "Club": "13",
    "Persona": "8",
    "Crush": "0",
    "BreastSize": "1",
    "Strength": "7",
    "Hairstyle": "25",
    "Color": "Council4",
    "Eyes": "Council4",
    "EyeType": "Council4",
    "Stockings": "Council4",
    "Accessory": "11",
    "ScheduleTime": "7_8_13.0007_13.375_15.5007_16_99",
    "ScheduleDestination": "Spawn_Patrol_Seat_Patrol_Seat_Patrol_Hangout",
    "ScheduleAction": "Stand_Patrol_Sit_Patrol_Sit_Patrol_Relax",
    "Info": "Enforcer of the student council. Charged with the task of maintaining peace throughout the school. Often uses physical intimidation to enforce rules."
  },
  {
    "ID": "90",
    "Name": "Nasu Kankoshi",
    "Gender": "0",
    "Class": "1",
    "Seat": "0",
    "Club": "102",
    "Persona": "9",
    "Crush": "0",
    "BreastSize": "1",
    "Strength": "6",
    "Hairstyle": "8",
    "Color": "White",
    "Eyes": "Brown",
    "EyeType": "Default",
    "Stockings": "None",
    "Accessory": "8",
    "ScheduleTime": "0_0_0_0_0",
    "ScheduleDestination": "Patrol_Patrol_Patrol_Patrol_Patrol",
    "ScheduleAction": "Patrol_Patrol_Patrol_Patrol_Patrol",
    "Info": ""
  },
  {
    "ID": "91",
    "Name": "Reina Nana",
    "Gender": "0",
    "Class": "11",
    "Seat": "0",
    "Club": "100",
    "Persona": "9",
    "Crush": "0",
    "BreastSize": "1.5",
    "Strength": "6",
    "Hairstyle": "1",
    "Color": "Brown",
    "Eyes": "Brown",
    "EyeType": "Default",
    "Stockings": "None",
    "Accessory": "1",
    "ScheduleTime": "7_8.25_13_13.375_15.5_99",
    "ScheduleDestination": "Spawn_Seat_Podium_Seat_Podium_Seat",
    "ScheduleAction": "Stand_Grade_Teach_Grade_Teach_Grade",
    "Info": ""
  },
  {
    "ID": "92",
    "Name": "Natsuki Anna",
    "Gender": "0",
    "Class": "12",
    "Seat": "0",
    "Club": "100",
    "Persona": "9",
    "Crush": "0",
    "BreastSize": "1.5",
    "Strength": "6",
    "Hairstyle": "2",
    "Color": "Brown",
    "Eyes": "Brown",
    "EyeType": "Default",
    "Stockings": "None",
    "Accessory": "2",
    "ScheduleTime": "7_8.25_13_13.375_15.5_99",
    "ScheduleDestination": "Spawn_Seat_Podium_Seat_Podium_Seat",
    "ScheduleAction": "Stand_Grade_Teach_Grade_Teach_Grade",
    "Info": ""
  },
  {
    "ID": "93",
    "Name": "Rino Fuka",
    "Gender": "0",
    "Class": "21",
    "Seat": "0",
    "Club": "100",
    "Persona": "9",
    "Crush": "0",
    "BreastSize": "1.5",
    "Strength": "6",
    "Hairstyle": "3",
    "Color": "Brown",
    "Eyes": "Brown",
    "EyeType": "Default",
    "Stockings": "None",
    "Accessory": "3",
    "ScheduleTime": "7_8.25_13_13.375_15.5_99",
    "ScheduleDestination": "Spawn_Seat_Podium_Seat_Podium_Seat",
    "ScheduleAction": "Stand_Grade_Teach_Grade_Teach_Grade",
    "Info": ""
  },
  {
    "ID": "94",
    "Name": "Shiori Risa",
    "Gender": "0",
    "Class": "22",
    "Seat": "0",
    "Club": "100",
    "Persona": "9",
    "Crush": "0",
    "BreastSize": "1.5",
    "Strength": "6",
    "Hairstyle": "4",
    "Color": "Brown",
    "Eyes": "Brown",
    "EyeType": "Default",
    "Stockings": "None",
    "Accessory": "4",
    "ScheduleTime": "7_8.25_13_13.375_15.5_99",
    "ScheduleDestination": "Spawn_Seat_Podium_Seat_Podium_Seat",
    "ScheduleAction": "Stand_Grade_Teach_Grade_Teach_Grade",
    "Info": ""
  },
  {
    "ID": "95",
    "Name": "Karin Hana",
    "Gender": "0",
    "Class": "31",
    "Seat": "0",
    "Club": "100",
    "Persona": "9",
    "Crush": "0",
    "BreastSize": "1.5",
    "Strength": "6",
    "Hairstyle": "5",
    "Color": "Brown",
    "Eyes": "Brown",
    "EyeType": "Default",
    "Stockings": "None",
    "Accessory": "5",
    "ScheduleTime": "7_8.25_13_13.375_15.5_99",
    "ScheduleDestination": "Spawn_Seat_Podium_Seat_Podium_Seat",
    "ScheduleAction": "Stand_Grade_Teach_Grade_Teach_Grade",
    "Info": ""
  },
  {
    "ID": "96",
    "Name": "Kaho Kanon",
    "Gender": "0",
    "Class": "32",
    "Seat": "0",
    "Club": "100",
    "Persona": "9",
    "Crush": "0",
    "BreastSize": "1.5",
    "Strength": "6",
    "Hairstyle": "6",
    "Color": "Brown",
    "Eyes": "Brown",
    "EyeType": "Default",
    "Stockings": "None",
    "Accessory": "6",
    "ScheduleTime": "7_8.25_13_13.375_15.5_99",
    "ScheduleDestination": "Spawn_Seat_Podium_Seat_Podium_Seat",
    "ScheduleAction": "Stand_Grade_Teach_Grade_Teach_Grade",
    "Info": ""
  },
  {
    "ID": "97",
    "Name": "Kyoshi Taiso",
    "Gender": "0",
    "Class": "0",
    "Seat": "0",
    "Club": "101",
    "Persona": "9",
    "Crush": "0",
    "BreastSize": "1.5",
    "Strength": "6",
    "Hairstyle": "7",
    "Color": "Blonde",
    "Eyes": "Blonde",
    "EyeType": "Default",
    "Stockings": "None",
    "Accessory": "7",
    "ScheduleTime": "7_8_13_13.375_15.5_99",
    "ScheduleDestination": "Spawn_Podium_Patrol_Seat_Patrol_Podium",
    "ScheduleAction": "Stand_Stand_Patrol_Grade_Patrol_Stand",
    "Info": ""
  },
  {
    "ID": "98",
    "Name": "Genka Kunahito",
    "Gender": "0",
    "Class": "2",
    "Seat": "0",
    "Club": "100",
    "Persona": "9",
    "Crush": "0",
    "BreastSize": "1",
    "Strength": "6",
    "Hairstyle": "1",
    "Color": "White",
    "Eyes": "Black",
    "EyeType": "Default",
    "Stockings": "None",
    "Accessory": "0",
    "ScheduleTime": "0",
    "ScheduleDestination": "Nothing",
    "ScheduleAction": "Nothing",
    "Info": "The school's guidance counselor. \n \n Misbehaving students are sent to her office. \n \n To expel a student, you must catch that student misbehaving and report them to her."
  },
  {
    "ID": "99",
    "Name": "Kocho Shuyona",
    "Gender": "1",
    "Class": "3",
    "Seat": "0",
    "Club": "100",
    "Persona": "9",
    "Crush": "0",
    "BreastSize": "0",
    "Strength": "99",
    "Hairstyle": "1",
    "Color": "White",
    "Eyes": "Black",
    "EyeType": "Default",
    "Stockings": "None",
    "Accessory": "0",
    "ScheduleTime": "0",
    "ScheduleDestination": "Nothing",
    "ScheduleAction": "Nothing",
    "Info": "The school's headmaster. \n \n An extremely reclusive person, he rarely leaves his office or addresses the student body in person. \n \n The center of numerous unsavory rumors, although none have been proven."
  },
  {
    "ID": "100",
    "Name": "Info-chan",
    "Gender": "0",
    "Class": "0",
    "Seat": "0",
    "Club": "99",
    "Persona": "99",
    "Crush": "0",
    "BreastSize": "1",
    "Strength": "99",
    "Hairstyle": "1",
    "Color": "White",
    "Eyes": "Black",
    "EyeType": "Default",
    "Stockings": "None",
    "Accessory": "0",
    "ScheduleTime": "0",
    "ScheduleDestination": "Nothing",
    "ScheduleAction": "Nothing",
    "Info": "Trying to look up my information? Don't bother. There is nothing that you need to know about me. You're a client, and I'm a provider. That's all we need to know about each other."
  }
]